input_size,method,expected_reps,predicted_reps,count_error,total_ms,ms_per_frame,peak_kb,stage_changes,side_switches
1000,baseline,20,20,0,6.809200000134297,0.006809200000134297,0.53125,41,37
1000,proposed,20,20,0,5.954199994448572,0.005954199994448572,0.625,41,34
10000,baseline,200,200,0,61.028099997201934,0.006102809999720194,0.578125,401,382
10000,proposed,200,200,0,54.08700001135003,0.0054087000011350025,0.5,401,334
100000,baseline,2000,2000,0,607.2652000002563,0.006072652000002563,0.609375,4001,3832
100000,proposed,2000,2000,0,617.225399997551,0.00617225399997551,0.53125,4001,3334
